date,inflation,unem,gdp,snp,prez_gop,gov_gop,sen_gop,rep_gop,prez_dem,gov_dem,sen_dem,rep_dem
1948-01-01,-10.2421,-3.4,NA,NA,0,22,53,253,1,24,48,198
1948-02-01,-9.482,-3.8,9.5023,NA,0,22,53,253,1,24,48,198
1948-03-01,-6.8182,-4,NA,NA,0,22,53,253,1,24,48,198
1948-04-01,-8.2727,-3.9,NA,NA,0,22,53,253,1,24,48,198
1948-05-01,-9.385,-3.5,10.7998,NA,0,22,53,253,1,24,48,198
1948-06-01,-9.375,-3.6,NA,NA,0,22,53,253,1,24,48,198
1948-07-01,-9.7616,-3.6,NA,NA,0,22,53,253,1,24,48,198
1948-08-01,-9.0625,-3.9,11.7553,NA,0,22,53,253,1,24,48,198
1948-09-01,-6.655,-3.8,NA,NA,0,22,53,253,1,24,48,198
1948-10-01,-6.1109,-3.7,NA,NA,0,22,53,253,1,24,48,198
1948-11-01,-4.7702,-3.8,7.8371,NA,0,22,53,253,1,24,48,198
1948-12-01,-2.7339,-4,NA,NA,0,22,53,253,1,24,48,198
1949-01-01,-1.3936,-4.3,NA,NA,0,18,45,177,1,29,58,269
1949-02-01,-1.0139,-4.7,3.456,NA,0,18,45,177,1,29,58,269
1949-03-01,-1.7447,-5,NA,NA,0,18,45,177,1,29,58,269
1949-04-01,-0.4198,-5.3,NA,NA,0,18,45,177,1,29,58,269
1949-05-01,0.4165,-6.1,-0.4397,NA,0,18,45,177,1,29,58,269
1949-06-01,0.9524,-6.2,NA,NA,0,18,45,177,1,29,58,269
1949-07-01,2.8689,-6.7,NA,NA,0,18,45,177,1,30,58,269
1949-08-01,2.9881,-6.8,-2.2182,NA,0,18,45,177,1,30,58,269
1949-09-01,2.5041,-6.6,NA,NA,0,18,45,177,1,30,58,269
1949-10-01,2.6327,-7.9,NA,NA,0,18,45,177,1,30,58,269
1949-11-01,1.904,-6.4,-3.4556,NA,0,18,45,177,1,30,58,269
1949-12-01,1.8295,-6.6,NA,NA,0,18,45,177,1,30,58,269
1950-01-01,2.0825,-6.5,NA,NA,0,18,44,177,1,29,57,269
1950-02-01,1.2547,-6.4,2.106,0.9971,0,18,44,177,1,29,57,269
1950-03-01,1.1292,-6.3,NA,0.4065,0,18,44,177,1,29,57,269
1950-04-01,1.1288,-5.8,NA,3.8751,0,18,44,177,1,29,57,269
1950-05-01,0.5855,-5.5,6.993,4.5657,0,18,44,177,1,29,57,269
1950-06-01,0.1672,-5.4,NA,-5.804,0,18,44,177,1,29,57,269
1950-07-01,-1.5612,-5,NA,0.8479,0,18,44,177,1,29,57,269
1950-08-01,-2.1097,-4.5,12.8796,3.2511,0,18,44,177,1,29,57,269
1950-09-01,-2.4842,-4.4,NA,5.5918,0,18,44,177,1,29,57,269
1950-10-01,-3.5065,-4.2,NA,0.4113,0,18,44,177,1,29,57,269
1950-11-01,-3.7975,-4.2,18.1919,-0.1024,0,18,44,177,1,29,57,269
1950-12-01,-5.8026,-4.3,NA,4.7155,0,18,44,177,1,29,57,269
1951-01-01,-7.9541,-3.7,NA,6.0206,0,24,47,207,1,22,51,242
1951-02-01,-9.4028,-3.4,19.6302,0.6463,0,24,47,207,1,22,51,242
1951-03-01,-9.4755,-3.4,NA,-1.4679,0,24,47,207,1,22,51,242
1951-04-01,-9.5983,-3.1,NA,4.4227,0,24,47,207,1,22,51,242
1951-05-01,-9.3395,-3,18.507,-4.0571,0,24,47,207,1,22,51,242
1951-06-01,-8.5846,-3.2,NA,-2.6022,0,24,47,207,1,22,51,242
1951-07-01,-7.6444,-3.1,NA,6.8702,0,24,47,207,1,22,51,242
1951-08-01,-6.8595,-3.1,14.0357,3.9286,0,24,47,207,1,22,51,242
1951-09-01,-6.9433,-3.3,NA,-0.0859,0,24,47,207,1,22,51,242
1951-10-01,-6.7755,-3.5,NA,-1.3757,0,25,47,207,1,22,51,242
1951-11-01,-6.9919,-3.5,11.3331,-0.2616,0,25,47,207,1,22,51,242
1951-12-01,-5.9648,-3.1,NA,3.8899,0,25,47,207,1,22,51,242
1952-01-01,-4.2159,-3.2,NA,1.5566,0,24,50,207,1,22,50,242
1952-02-01,-2.2455,-3.1,7.0749,-3.6454,0,24,50,207,1,22,50,242
1952-03-01,-1.9706,-2.9,NA,4.7721,0,24,50,207,1,22,50,242
1952-04-01,-2.0833,-2.9,NA,-4.3086,0,24,50,207,1,22,50,242
1952-05-01,-1.8469,-3,4.9057,2.3156,0,24,50,207,1,22,50,242
1952-06-01,-2.3139,-3,NA,4.6102,0,24,50,207,1,22,50,242
1952-07-01,-2.9718,-3.2,NA,1.7628,0,24,50,207,1,22,50,242
1952-08-01,-3.2096,-3.4,4.6333,-1.4567,0,24,50,207,1,22,50,242
1952-09-01,-2.305,-3.1,NA,-1.9577,0,24,50,207,1,22,50,242
1952-10-01,-2.026,-3,NA,-0.0815,0,24,50,207,1,22,50,242
1952-11-01,-1.4058,-2.8,6.8985,4.6493,0,24,50,207,1,22,50,242
1952-12-01,-0.9067,-2.7,NA,3.5464,0,24,50,207,1,22,50,242
1953-01-01,-0.7183,-2.9,NA,-0.7151,1,29,50,222,0,17,49,220
1953-02-01,-0.6816,-2.6,7.8567,-1.8196,1,29,50,222,0,17,49,220
1953-03-01,-0.9094,-2.6,NA,-2.3552,1,29,50,222,0,17,49,220
1953-04-01,-0.8692,-2.7,NA,-2.6493,1,29,50,222,0,17,49,220
1953-05-01,-0.8689,-2.5,8.5501,-0.3249,1,29,50,222,0,17,49,220
1953-06-01,-0.9046,-2.5,NA,-1.63,1,29,50,222,0,17,49,220
1953-07-01,-0.4123,-2.6,NA,2.5269,1,29,50,222,0,17,49,220
1953-08-01,-0.5995,-2.7,6.4113,-5.7778,1,29,50,222,0,17,49,220
1953-09-01,-0.9763,-2.9,NA,0.1286,1,29,50,222,0,17,49,220
1953-10-01,-0.9741,-3.1,NA,5.0964,1,30,50,222,0,18,49,220
1953-11-01,-0.5995,-3.5,1.3903,0.8965,1,30,50,222,0,18,49,220
1953-12-01,-0.599,-4.5,NA,0.2019,1,30,50,222,0,18,49,220
1954-01-01,-1.1261,-4.9,NA,5.1189,1,29,55,222,0,18,53,220
1954-02-01,-1.5043,-5.2,-0.6692,0.2684,1,29,55,222,0,18,53,220
1954-03-01,-1.1265,-5.7,NA,3.021,1,29,55,222,0,18,53,220
1954-04-01,-0.6369,-5.9,NA,4.8998,1,29,55,222,0,18,53,220
1954-05-01,-0.8614,-5.9,-1.4275,3.2909,1,29,55,222,0,18,53,220
1954-06-01,-0.635,-5.6,NA,0.0685,1,29,55,222,0,18,53,220
1954-07-01,-0.2613,-5.8,NA,5.7172,1,29,55,222,0,18,53,220
1954-08-01,0,-6,-0.0255,-3.4003,1,29,55,222,0,18,53,220
1954-09-01,0.2975,-6.1,NA,8.3138,1,29,55,222,0,18,53,220
1954-10-01,0.8534,-5.7,NA,-1.9499,1,29,55,222,0,18,53,220
1954-11-01,0.2607,-5.3,3.5705,8.0808,1,29,55,222,0,19,53,220
1954-12-01,0.3722,-5,NA,5.0818,1,29,55,222,0,19,53,220
1955-01-01,0.631,-4.9,NA,1.8066,1,21,47,204,0,26,48,237
1955-02-01,0.6299,-4.7,7.2298,0.3549,1,21,47,204,0,26,48,237
1955-03-01,0.5199,-4.6,NA,-0.4897,1,21,47,204,0,26,48,237
1955-04-01,0.2606,-4.7,NA,3.7725,1,21,47,204,0,26,48,237
1955-05-01,0.5941,-4.3,9.1802,-0.1317,1,21,47,204,0,26,48,237
1955-06-01,0.8537,-4.2,NA,8.23,1,21,47,204,0,26,48,237
1955-07-01,0.3723,-4,NA,6.0687,1,21,47,204,0,26,48,237
1955-08-01,0.4842,-4.2,10.0358,-0.7813,1,21,47,204,0,26,48,237
1955-09-01,-0.1492,-4.1,NA,1.1348,1,21,47,204,0,26,48,237
1955-10-01,-0.3743,-4.3,NA,-3.0456,1,21,47,204,0,26,48,237
1955-11-01,-0.3734,-4.2,9.368,7.487,1,21,47,204,0,26,48,237
1955-12-01,-0.3736,-4.2,NA,-0.0659,1,21,47,204,0,26,48,237
1956-01-01,-0.2241,-4,NA,-3.65,1,21,49,204,0,26,51,237
1956-02-01,-0.1491,-3.9,6.4524,3.4687,1,21,49,204,0,26,51,237
1956-03-01,-0.3733,-4.2,NA,6.9255,1,21,49,204,0,26,51,237
1956-04-01,-0.5226,-4,NA,-0.2063,1,21,49,204,0,26,50,237
1956-05-01,-0.9712,-4.3,5.8266,-6.573,1,21,49,204,0,26,50,237
1956-06-01,-1.6473,-4.3,NA,3.9159,1,21,49,204,0,26,50,237
1956-07-01,-1.9806,-4.4,NA,5.1522,1,21,49,204,0,26,50,237
1956-08-01,-2.2081,-4.1,4.8967,-3.8064,1,21,49,204,0,26,50,237
1956-09-01,-1.8622,-3.9,NA,-4.5464,1,21,49,204,0,26,50,237
1956-10-01,-2.5727,-3.9,NA,0.5072,1,21,49,204,0,26,50,237
1956-11-01,-2.3438,-4.3,5.3678,-1.097,1,21,49,204,0,26,51,237
1956-12-01,-2.8284,-4.2,NA,3.5271,1,21,49,204,0,26,51,237
1957-01-01,-3.1308,-4.2,NA,-4.1783,1,19,47,203,0,28,52,242
1957-02-01,-3.4996,-3.9,6.8331,-3.2648,1,19,47,203,0,28,52,242
1957-03-01,-3.6073,-3.7,NA,1.9649,1,19,47,203,0,28,52,242
1957-04-01,-3.7133,-3.9,NA,3.6953,1,19,47,203,0,28,52,242
1957-05-01,-3.5886,-4.1,5.8192,3.6948,1,19,47,203,0,28,52,242
1957-06-01,-3.5359,-4.3,NA,-0.1265,1,19,47,203,0,28,52,242
1957-07-01,-3.2979,-4.2,NA,1.14,1,19,47,203,0,28,52,242
1957-08-01,-3.5518,-4.1,6.2611,-5.6147,1,19,47,203,0,28,52,242
1957-09-01,-3.5466,-4.4,NA,-6.192,1,20,47,203,0,28,52,242
1957-10-01,-2.9444,-4.5,NA,-3.206,1,20,47,203,0,28,52,242
1957-11-01,-3.2715,-5.1,3.1216,1.6074,1,20,47,203,0,28,52,242
1957-12-01,-3.0402,-5.2,NA,-4.1467,1,20,47,203,0,28,52,242
1958-01-01,-3.5056,-5.8,NA,4.2761,1,20,47,203,0,28,52,242
1958-02-01,-3.2374,-6.4,-0.4675,-2.0624,1,20,47,203,0,28,52,242
1958-03-01,-3.6253,-6.7,NA,3.0852,1,20,47,203,0,28,52,242
1958-04-01,-3.6162,-7.4,NA,3.1829,1,20,47,203,0,28,52,242
1958-05-01,-3.3571,-7.4,0,1.4963,1,20,47,203,0,28,52,242
1958-06-01,-2.846,-7.3,NA,2.6083,1,20,47,203,0,28,52,242
1958-07-01,-2.4832,-7.5,NA,4.3103,1,20,47,203,0,28,52,242
1958-08-01,-2.3338,-7.4,1.3325,1.1867,1,20,47,203,0,28,52,242
1958-09-01,-2.0833,-7.1,NA,4.8377,1,20,47,203,0,28,52,242
1958-10-01,-2.0833,-6.7,NA,2.537,1,20,47,203,0,28,52,242
1958-11-01,-1.9007,-6.2,5.1924,2.2404,1,20,47,203,0,28,52,242
1958-12-01,-1.7562,-6.2,NA,5.202,1,20,47,203,0,28,52,242
1959-01-01,-1.2919,-6,NA,0.4347,1,15,35,159,0,35,65,289
1959-02-01,-1.0453,-5.9,9.1161,-0.0721,1,15,35,159,0,35,65,289
1959-03-01,-0.3464,-5.6,NA,0.0541,1,15,35,159,0,35,65,289
1959-04-01,-0.1382,-5.2,NA,3.8781,1,15,35,159,0,35,65,289
1959-05-01,-0.3455,-5.1,10.8714,1.8927,1,15,35,159,0,35,65,289
1959-06-01,-0.6918,-5,NA,-0.3579,1,15,35,159,0,35,65,289
1959-07-01,-0.9,-5.1,NA,3.489,1,15,35,159,0,35,65,289
1959-08-01,-0.8293,-5.2,7.9104,-1.5039,1,15,35,159,0,35,65,289
1959-09-01,-1.1761,-5.5,NA,-4.5638,1,15,35,159,0,35,65,289
1959-10-01,-1.522,-5.7,NA,1.1252,1,15,35,159,0,35,65,289
1959-11-01,-1.3817,-5.8,5.7754,1.3213,1,15,35,159,0,35,65,289
1959-12-01,-1.5188,-5.3,NA,2.7625,1,15,35,159,0,35,65,289
1960-01-01,-1.241,-5.2,NA,-7.1464,1,16,35,159,0,34,70,289
1960-02-01,-1.4138,-4.8,6.3001,0.9171,1,16,35,159,0,34,70,289
1960-03-01,-1.5188,-5.4,NA,-1.3899,1,16,35,159,0,34,70,289
1960-04-01,-1.9324,-5.2,NA,-1.7528,1,16,35,159,0,34,70,289
1960-05-01,-1.8251,-5.1,3.5292,2.6853,1,16,35,159,0,34,70,289
1960-06-01,-1.7176,-5.4,NA,1.9523,1,16,35,159,0,34,70,289
1960-07-01,-1.3722,-5.5,NA,-2.4772,1,16,35,159,0,34,70,289
1960-08-01,-1.4736,-5.6,3.9604,2.6121,1,16,35,159,0,34,70,289
1960-09-01,-1.2308,-5.5,NA,-6.0393,1,17,35,159,0,34,70,289
1960-10-01,-1.3629,-6.1,NA,-0.2429,1,17,35,159,0,34,70,289
1960-11-01,-1.4651,-6.1,2.2294,4.027,1,17,35,159,0,34,70,289
1960-12-01,-1.3601,-6.6,NA,4.6273,1,17,35,159,0,34,70,289
1961-01-01,-1.6003,-6.6,NA,6.3156,0,16,37,176,1,34,64,273
1961-02-01,-1.4621,-6.9,0.4786,2.687,0,16,37,176,1,34,64,273
1961-03-01,-1.4621,-6.9,NA,2.5536,0,16,37,176,1,34,64,273
1961-04-01,-0.914,-7,NA,0.3843,0,16,37,176,1,34,64,273
1961-05-01,-0.9131,-7.1,2.7087,1.9139,0,16,37,176,1,34,64,273
1961-06-01,-0.7768,-6.9,NA,-2.8846,0,16,37,176,1,34,64,273
1961-07-01,-1.2521,-7,NA,3.2797,0,16,37,176,1,34,64,273
1961-08-01,-1.1145,-6.6,4.0659,1.9622,0,16,37,176,1,34,64,273
1961-09-01,-1.2496,-6.7,NA,-1.9686,0,16,37,176,1,34,64,273
1961-10-01,-0.7731,-6.5,NA,2.8323,0,16,37,176,1,34,64,273
1961-11-01,-0.6716,-6.1,7.4848,3.9347,0,16,37,176,1,34,64,273
1961-12-01,-0.6709,-6,NA,0.3225,0,16,37,176,1,34,64,273
1962-01-01,-0.6702,-5.8,NA,-3.7876,0,16,42,176,1,34,65,273
1962-02-01,-0.9048,-5.5,9.031,1.627,0,16,42,176,1,34,65,273
1962-03-01,-1.1059,-5.6,NA,-0.586,0,16,42,176,1,34,65,273
1962-04-01,-1.3418,-5.6,NA,-6.197,0,16,42,176,1,34,65,273
1962-05-01,-1.3405,-5.5,8.1091,-8.599,0,16,42,176,1,34,65,273
1962-06-01,-1.2399,-5.5,NA,-8.1838,0,16,42,176,1,34,65,273
1962-07-01,-1.0027,-5.4,NA,6.3562,0,16,42,176,1,34,65,273
1962-08-01,-1.1356,-5.7,7.2862,1.5284,0,16,42,176,1,34,65,273
1962-09-01,-1.4676,-5.6,NA,-4.8207,0,16,42,176,1,34,65,273
1962-10-01,-1.3342,-5.4,NA,0.4443,0,16,42,176,1,34,65,273
1962-11-01,-1.3342,-5.7,5.4161,10.1557,0,16,42,176,1,34,65,273
1962-12-01,-1.2329,-5.5,NA,1.3492,0,16,42,176,1,34,65,273
1963-01-01,-1.3316,-5.7,NA,4.9128,0,17,34,182,1,33,68,262
1963-02-01,-1.2288,-5.9,4.6203,-2.8852,0,17,34,182,1,33,68,262
1963-03-01,-1.1269,-5.7,NA,3.5464,0,16,34,182,1,34,68,262
1963-04-01,-0.8937,-5.7,NA,4.852,0,16,34,182,1,34,68,262
1963-05-01,-0.8929,-5.9,4.8457,1.4327,0,16,34,182,1,34,68,262
1963-06-01,-1.3241,-5.6,NA,-2.0198,0,16,34,182,1,34,68,262
1963-07-01,-1.5553,-5.6,NA,-0.346,0,16,34,182,1,34,68,262
1963-08-01,-1.5522,-5.4,5.8071,4.8749,0,16,34,182,1,34,68,262
1963-09-01,-0.9862,-5.5,NA,-1.1035,0,16,34,182,1,34,68,262
1963-10-01,-1.2179,-5.5,NA,3.2218,0,16,34,182,1,34,68,262
1963-11-01,-1.3167,-5.7,6.8015,-1.0539,0,16,34,182,1,34,68,262
1963-12-01,-1.6458,-5.5,NA,2.4443,0,16,34,182,1,34,68,262
1964-01-01,-1.6426,-5.6,NA,2.6926,0,16,34,182,1,34,71,262
1964-02-01,-1.4108,-5.4,7.7726,0.9865,0,16,34,182,1,34,71,262
1964-03-01,-1.4094,-5.4,NA,1.5167,0,16,34,182,1,34,71,262
1964-04-01,-1.542,-5.3,NA,0.6077,0,16,34,182,1,34,71,262
1964-05-01,-1.5405,-5.1,7.7556,1.1452,0,16,34,182,1,34,71,262
1964-06-01,-1.3068,-5.2,NA,1.6424,0,16,34,182,1,34,71,262
1964-07-01,-1.0753,-4.9,NA,1.824,0,16,34,182,1,34,71,262
1964-08-01,-0.9756,-5,7.4108,-1.623,0,16,34,182,1,34,71,262
1964-09-01,-1.1719,-5.1,NA,2.8718,0,16,34,182,1,34,71,262
1964-10-01,-1.2033,-5.1,NA,0.8078,0,16,34,182,1,34,71,262
1964-11-01,-1.397,-4.8,6.6585,-0.5185,0,16,34,182,1,34,71,262
1964-12-01,-1.1982,-5,NA,0.3909,0,16,34,182,1,34,71,262
1965-01-01,-1.0989,-4.9,NA,3.3156,0,17,32,141,1,33,69,301
1965-02-01,-1.197,-5.1,7.1673,-0.1485,0,17,32,141,1,33,69,301
1965-03-01,-1.1959,-4.7,NA,-1.4526,0,17,32,141,1,33,69,301
1965-04-01,-1.3893,-4.8,NA,3.4239,0,17,32,141,1,33,69,301
1965-05-01,-1.6139,-4.6,7.5793,-0.7743,0,17,32,141,1,33,69,301
1965-06-01,-1.9349,-4.6,NA,-4.8631,0,17,32,141,1,33,69,301
1965-07-01,-1.8053,-4.4,NA,1.3433,0,17,32,141,1,33,69,301
1965-08-01,-1.6103,-4.4,8.2852,2.2522,0,17,32,141,1,33,69,301
1965-09-01,-1.7375,-4.3,NA,3.2006,0,17,32,141,1,33,69,301
1965-10-01,-1.7031,-4.2,NA,2.7345,0,17,32,141,1,33,69,301
1965-11-01,-1.7302,-4.1,10.6959,-0.8764,0,17,32,141,1,33,69,301
1965-12-01,-1.92,-4,NA,0.8951,0,17,32,141,1,33,69,301
1966-01-01,-1.9182,-4,NA,0.4869,0,18,33,141,1,33,70,301
1966-02-01,-2.5575,-3.8,10.8593,-1.7872,0,18,33,141,1,33,70,301
1966-03-01,-2.7787,-3.8,NA,-2.1815,0,18,33,141,1,33,70,301
1966-04-01,-2.8681,-3.8,NA,2.0509,0,18,33,141,1,33,70,301
1966-05-01,-2.7637,-3.9,10.213,-5.414,0,18,33,141,1,33,70,301
1966-06-01,-2.4359,-3.8,NA,-1.6138,0,18,33,141,1,33,70,301
1966-07-01,-2.7549,-3.8,NA,-1.3453,0,18,33,141,1,33,70,301
1966-08-01,-3.4865,-3.8,9.4108,-7.7751,0,18,33,141,1,33,70,301
1966-09-01,-3.5737,-3.7,NA,-0.7004,0,18,33,141,1,33,70,301
1966-10-01,-3.7915,-3.7,NA,4.7544,0,18,33,141,1,33,70,301
1966-11-01,-3.5591,-3.6,7.9938,0.3117,0,18,33,141,1,33,70,301
1966-12-01,-3.3595,-3.8,NA,-0.1492,0,18,33,141,1,33,70,301
1967-01-01,-3.1995,-3.9,NA,7.8178,0,25,36,188,1,27,64,251
1967-02-01,-2.8678,-3.8,6.1081,0.1963,0,25,36,188,1,27,64,251
1967-03-01,-2.5482,-3.8,NA,3.941,0,25,36,188,1,27,64,251
1967-04-01,-2.5403,-3.8,NA,4.224,0,25,36,188,1,27,64,251
1967-05-01,-2.3184,-3.8,5.4386,-5.2441,0,25,36,188,1,27,64,251
1967-06-01,-2.8413,-3.9,NA,1.7512,0,25,36,188,1,27,64,251
1967-07-01,-2.9276,-3.8,NA,4.5344,0,25,36,188,1,27,64,251
1967-08-01,-2.6034,-3.8,5.5799,-1.1715,0,25,36,188,1,27,64,251
1967-09-01,-2.5954,-3.8,NA,3.2785,0,25,36,188,1,27,64,251
1967-10-01,-2.5875,-4,NA,-3.526,0,25,36,188,1,27,64,251
1967-11-01,-3.1022,-3.9,5.7851,0.7503,0,25,36,188,1,27,64,251
1967-12-01,-3.2807,-3.8,NA,2.6277,0,25,36,188,1,27,64,251
1968-01-01,-3.6474,-3.7,NA,-4.3848,0,26,39,188,1,26,65,251
1968-02-01,-3.6364,-3.8,7.695,-3.1223,0,26,39,188,1,26,65,251
1968-03-01,-3.9394,-3.7,NA,0.94,0,26,39,188,1,26,65,251
1968-04-01,-3.9275,-3.5,NA,8.0488,0,26,39,188,1,26,65,251
1968-05-01,-4.2296,-3.5,10.0106,1.2518,0,26,39,188,1,26,65,251
1968-06-01,-4.2042,-3.7,NA,0.912,0,26,39,188,1,26,65,251
1968-07-01,-4.491,-3.7,NA,-1.8478,0,26,39,188,1,26,65,251
1968-08-01,-4.4776,-3.5,9.8892,1.1459,0,26,39,188,1,26,65,251
1968-09-01,-4.4643,-3.4,NA,3.8539,0,26,39,188,1,26,65,251
1968-10-01,-4.7478,-3.4,NA,0.7208,0,26,39,188,1,26,65,251
1968-11-01,-4.4248,-3.4,9.8392,4.7964,0,26,39,188,1,26,65,251
1968-12-01,-4.7059,-3.4,NA,-4.1617,0,26,39,188,1,26,65,251
1969-01-01,-4.6921,-3.4,NA,-0.8184,1,31,43,199,0,22,57,250
1969-02-01,-4.6784,-3.4,9.2525,-4.7374,1,31,43,199,0,22,57,250
1969-03-01,-5.2478,-3.4,NA,3.4444,1,31,43,199,0,22,57,250
1969-04-01,-5.5233,-3.4,NA,2.1476,1,31,43,199,0,22,57,250
1969-05-01,-5.5072,-3.4,8.0209,-0.2218,1,31,43,199,0,22,57,250
1969-06-01,-5.4755,-3.5,NA,-5.5577,1,31,43,199,0,22,57,250
1969-07-01,-5.4441,-3.5,NA,-6.0178,1,31,43,199,0,22,57,250
1969-08-01,-5.4286,-3.5,8.3692,4.0074,1,31,43,199,0,22,57,250
1969-09-01,-5.698,-3.7,NA,-2.5024,1,31,43,199,0,22,57,250
1969-10-01,-5.6657,-3.7,NA,4.2955,1,31,43,199,0,22,57,250
1969-11-01,-5.9322,-3.5,7.2776,-3.4082,1,31,43,199,0,22,57,250
1969-12-01,-5.8989,-3.5,NA,-1.8655,1,31,43,199,0,22,57,250
1970-01-01,-6.1625,-3.9,NA,-7.6472,1,32,43,199,0,20,58,250
1970-02-01,-6.4246,-4.2,5.8369,5.2694,1,32,43,199,0,20,58,250
1970-03-01,-6.0942,-4.4,NA,0.1452,1,32,43,199,0,20,58,250
1970-04-01,-6.0606,-4.6,NA,-9.0483,1,32,43,199,0,20,58,250
1970-05-01,-6.044,-4.8,5.8038,-6.0967,1,32,43,199,0,20,58,250
1970-06-01,-6.0109,-4.9,NA,-5.0033,1,32,43,199,0,20,58,250
1970-07-01,-5.7065,-5,NA,7.3295,1,32,43,199,0,20,58,250
1970-08-01,-5.6911,-5.1,5.4748,4.4459,1,32,43,199,0,20,58,250
1970-09-01,-5.6604,-5.4,NA,3.4102,1,32,43,199,0,20,58,250
1970-10-01,-5.63,-5.5,NA,-1.2456,1,32,43,199,0,20,58,250
1970-11-01,-5.6,-5.9,4.8813,4.7447,1,32,43,199,0,20,58,250
1970-12-01,-5.5703,-6.1,NA,5.6766,1,32,43,199,0,20,58,250
1971-01-01,-5.277,-5.9,NA,4.0477,1,21,44,185,0,30,55,259
1971-02-01,-4.7244,-5.9,8.0019,0.9074,1,21,44,185,0,30,55,259
1971-03-01,-4.4386,-6,NA,3.6796,1,21,44,185,0,30,55,259
1971-04-01,-4.1558,-5.9,NA,3.6287,1,21,44,185,0,30,55,259
1971-05-01,-4.4041,-5.9,8.345,-4.1558,1,21,44,185,0,30,55,259
1971-06-01,-4.3814,-5.9,NA,-0.9335,1,21,44,185,0,30,55,259
1971-07-01,-4.3702,-6,NA,-3.1611,1,21,44,185,0,30,55,259
1971-08-01,-4.359,-6.1,8.4336,3.6095,1,21,44,185,0,30,55,259
1971-09-01,-4.0816,-6,NA,-0.6968,1,21,44,185,0,30,55,259
1971-10-01,-3.8071,-5.8,NA,-4.1794,1,21,44,185,0,30,55,259
1971-11-01,-3.5354,-6,9.3541,-0.2547,1,21,44,185,0,30,55,259
1971-12-01,-3.2663,-6,NA,8.6179,1,21,44,185,0,30,55,259
1972-01-01,-3.2581,-5.8,NA,1.8121,1,20,44,185,0,31,57,259
1972-02-01,-3.7594,-5.7,8.4373,2.5303,1,20,44,185,0,31,57,259
1972-03-01,-3.5,-5.8,NA,0.5912,1,20,44,185,0,31,57,259
1972-04-01,-3.4913,-5.7,NA,0.4384,1,20,44,185,0,31,57,259
1972-05-01,-3.2258,-5.7,9.548,1.7275,1,20,44,185,0,31,57,259
1972-06-01,-2.963,-5.7,NA,-2.1821,1,20,44,185,0,31,57,259
1972-07-01,-2.9557,-5.6,NA,0.2333,1,20,44,185,0,31,57,259
1972-08-01,-2.9484,-5.6,9.6162,3.4454,1,20,44,185,0,31,57,259
1972-09-01,-3.1863,-5.5,NA,-0.4861,1,20,44,185,0,31,57,259
1972-10-01,-3.1785,-5.6,NA,0.9317,1,20,44,185,0,31,57,259
1972-11-01,-3.4146,-5.3,11.5952,4.5617,1,20,44,185,0,31,57,259
1972-12-01,-3.4063,-5.2,NA,1.1828,1,20,44,185,0,31,57,259
1973-01-01,-3.6408,-4.9,NA,-1.7111,1,19,42,195,0,32,56,249
1973-02-01,-3.8647,-5,11.9063,-3.749,1,19,42,195,0,32,56,249
1973-03-01,-4.8309,-4.9,NA,-0.1433,1,19,42,195,0,32,56,249
1973-04-01,-5.3012,-5,NA,-4.08,1,19,42,195,0,32,56,249
1973-05-01,-5.5288,-4.9,11.6133,-1.8884,1,19,42,195,0,32,56,249
1973-06-01,-5.9952,-4.9,NA,-0.6575,1,19,42,195,0,32,56,249
1973-07-01,-5.7416,-4.8,NA,3.7982,1,19,42,195,0,32,56,249
1973-08-01,-7.3986,-4.8,11.0527,-3.6685,1,20,42,195,0,32,56,249
1973-09-01,-7.3634,-4.8,NA,4.0096,1,20,42,195,0,32,56,249
1973-10-01,-8.0569,-4.6,NA,-0.1291,1,20,42,195,0,32,56,249
1973-11-01,-8.2547,-4.8,11.0435,-11.3861,1,20,42,195,0,32,56,249
1973-12-01,-8.9412,-4.9,NA,1.6569,1,20,42,195,0,32,56,249
1974-01-01,-9.6019,-5.1,NA,-1.0046,1,18,45,195,0,34,59,249
1974-02-01,-10,-5.2,8.2567,-0.3624,1,18,45,195,0,34,59,249
1974-03-01,-10.1382,-5.1,NA,-2.328,1,18,45,195,0,34,59,249
1974-04-01,-10.0686,-5.1,NA,-3.9051,1,18,45,195,0,34,59,249
1974-05-01,-10.7062,-5.1,8.2252,-3.3551,1,18,45,195,0,34,59,249
1974-06-01,-10.8597,-5.4,NA,-1.4665,1,18,45,195,0,34,59,249
1974-07-01,-11.5385,-5.5,NA,-7.7791,1,18,45,195,0,34,59,249
1974-08-01,-10.8889,-5.5,8.8112,-9.0279,1,18,45,195,0,34,59,249
1974-09-01,-11.9469,-5.9,NA,-11.9335,1,18,45,195,0,34,59,249
1974-10-01,-11.8421,-6,NA,16.3047,1,18,45,195,0,34,59,249
1974-11-01,-12.2004,-6.6,8.3767,-5.318,1,18,45,195,0,34,59,249
1974-12-01,-12.095,-7.2,NA,-2.0152,1,18,45,195,0,34,59,249
1975-01-01,-11.7521,-8.1,NA,12.2812,1,13,38,148,0,37,61,295
1975-02-01,-11.2051,-8.1,8.3562,5.9886,1,13,38,148,0,37,61,295
1975-03-01,-10.4603,-8.6,NA,2.1694,1,13,38,148,0,37,61,295
1975-04-01,-10.1871,-8.8,NA,4.7265,1,13,38,148,0,37,61,295
1975-05-01,-9.2593,-9,7.9651,4.4101,1,13,38,148,0,37,61,295
1975-06-01,-9.1837,-8.8,NA,4.4323,1,13,38,148,0,37,61,295
1975-07-01,-9.5335,-8.6,NA,-6.7654,1,13,38,148,0,37,61,295
1975-08-01,-8.6172,-8.4,9.6201,-2.107,1,13,38,148,0,37,61,295
1975-09-01,-7.9051,-8.4,NA,-3.4645,1,13,38,148,0,37,61,295
1975-10-01,-7.6471,-8.4,NA,6.1643,1,13,38,148,0,37,61,295
1975-11-01,-7.3786,-8.3,10.1622,2.4708,1,13,38,148,0,37,61,295
1975-12-01,-7.1291,-8.2,NA,-1.1508,1,13,38,148,0,37,61,295
1976-01-01,-6.6922,-7.9,NA,11.8306,1,13,39,148,0,37,65,295
1976-02-01,-6.2738,-7.7,12.6513,-1.1402,1,13,39,148,0,37,65,295
1976-03-01,-6.0606,-7.6,NA,3.0689,1,13,39,148,0,37,65,295
1976-04-01,-5.8491,-7.7,NA,-1.0995,1,13,39,148,0,37,65,295
1976-05-01,-6.2147,-7.4,12.1046,-1.4364,1,13,39,148,0,37,65,295
1976-06-01,-5.9813,-7.6,NA,4.0926,1,13,39,148,0,37,65,295
1976-07-01,-5.5556,-7.8,NA,-0.8055,1,13,39,148,0,37,65,295
1976-08-01,-5.7196,-7.8,10.3104,-0.5124,1,13,39,148,0,37,65,295
1976-09-01,-5.4945,-7.6,NA,2.2641,1,13,39,148,0,37,65,295
1976-10-01,-5.4645,-7.7,NA,-2.2235,1,13,39,148,0,37,65,295
1976-11-01,-5.0633,-7.8,9.7684,-0.7775,1,13,39,148,0,37,65,295
1976-12-01,-5.036,-7.8,NA,5.2498,1,13,39,148,0,37,65,295
1977-01-01,-5.1971,-7.5,NA,-5.053,0,12,38,147,1,38,62,294
1977-02-01,-6.0823,-7.6,9.208,-2.166,0,12,38,147,1,38,62,294
1977-03-01,-6.4286,-7.4,NA,-1.4025,0,12,38,147,1,38,62,294
1977-04-01,-6.9519,-7.2,NA,0.0203,0,12,38,147,1,38,62,294
1977-05-01,-6.7376,-7,10.9483,-2.3568,0,12,38,147,1,38,62,294
1977-06-01,-6.7019,-7.2,NA,4.536,0,12,38,147,1,39,62,294
1977-07-01,-6.6667,-6.9,NA,-1.6222,0,12,38,147,1,40,62,294
1977-08-01,-6.6318,-7,12.2666,-2.1042,0,12,38,147,1,40,62,294
1977-09-01,-6.4236,-6.8,NA,-0.248,0,12,38,147,1,40,62,294
1977-10-01,-6.3903,-6.8,NA,-4.3406,0,12,38,147,1,40,62,294
1977-11-01,-6.7126,-6.8,11.8809,2.6966,0,12,38,147,1,41,62,294
1977-12-01,-6.6781,-6.4,NA,0.2847,0,12,38,147,1,41,62,294
1978-01-01,-6.8143,-6.4,NA,-6.1514,0,12,41,147,1,38,66,294
1978-02-01,-6.2395,-6.3,10.8507,-2.4762,0,12,41,147,1,38,66,294
1978-03-01,-6.3758,-6.3,NA,2.4931,0,12,41,147,1,38,66,294
1978-04-01,-6.5,-6.1,NA,8.5416,0,12,41,147,1,38,66,294
1978-05-01,-7.1429,-6,13.4162,0.4234,0,12,41,147,1,38,66,294
1978-06-01,-7.438,-5.9,NA,-1.7585,0,12,41,147,1,38,66,294
1978-07-01,-7.7303,-6.2,NA,5.391,0,12,41,147,1,38,66,294
1978-08-01,-7.856,-5.9,13.0277,2.5924,0,12,41,147,1,39,66,294
1978-09-01,-8.4829,-6,NA,-0.7261,0,12,41,147,1,39,66,294
1978-10-01,-8.9286,-5.8,NA,-9.1574,0,12,41,147,1,39,66,294
1978-11-01,-8.871,-5.9,14.4557,1.664,0,12,41,147,1,39,66,294
1978-12-01,-8.9888,-6,NA,1.4889,0,12,41,147,1,39,66,294
1979-01-01,-9.2504,-5.9,NA,3.9746,0,19,41,160,1,32,58,280
1979-02-01,-9.8413,-5.9,14.6195,-3.6526,0,19,41,160,1,32,58,280
1979-03-01,-10.2524,-5.8,NA,5.5152,0,19,41,160,1,32,58,280
1979-04-01,-10.4851,-5.8,NA,0.1673,0,19,41,160,1,32,58,280
1979-05-01,-10.6977,-5.6,11.0973,-2.6336,0,19,41,160,1,32,58,280
1979-06-01,-11.0769,-5.7,NA,3.8656,0,19,41,160,1,32,58,280
1979-07-01,-11.4504,-5.7,NA,0.8745,0,19,41,160,1,32,58,280
1979-08-01,-11.8361,-6,11.3177,5.3078,0,19,41,160,1,32,58,280
1979-09-01,-11.8797,-5.9,NA,0,0,19,41,160,1,32,58,280
1979-10-01,-12.0715,-6,NA,-6.8606,0,19,41,160,1,32,58,280
1979-11-01,-12.5926,-5.9,10.0113,4.2624,0,19,41,160,1,32,58,280
1979-12-01,-13.2548,-6,NA,1.6767,0,19,41,160,1,32,58,280
1980-01-01,-13.8686,-6.3,NA,5.7625,0,19,42,160,1,32,59,280
1980-02-01,-14.1618,-6.3,10.4637,-0.438,0,19,42,160,1,32,59,280
1980-03-01,-14.5923,-6.3,NA,-10.1795,0,20,42,160,1,31,59,280
1980-04-01,-14.5892,-6.9,NA,4.114,0,20,42,160,1,31,59,280
1980-05-01,-14.4258,-7.5,7.8586,4.6571,0,20,42,160,1,31,59,280
1980-06-01,-14.2659,-7.6,NA,2.6969,0,20,42,160,1,31,59,280
1980-07-01,-13.1507,-7.8,NA,6.5039,0,20,42,160,1,31,59,280
1980-08-01,-12.8901,-7.7,7.1001,0.5835,0,20,42,160,1,31,59,280
1980-09-01,-12.7688,-7.5,NA,2.5168,0,20,42,160,1,31,59,280
1980-10-01,-12.633,-7.5,NA,1.6021,0,20,42,160,1,31,59,280
1980-11-01,-12.6316,-7.5,9.6239,10.2377,0,20,42,160,1,31,59,280
1980-12-01,-12.3537,-7.2,NA,-3.3874,0,20,42,160,1,31,59,280
1981-01-01,-11.7949,-7.5,NA,-4.5742,1,24,53,196,0,27,46,246
1981-02-01,-11.3924,-7.4,11.99,1.3277,1,24,53,196,0,27,46,246
1981-03-01,-10.6117,-7.4,NA,3.6033,1,24,53,196,0,27,46,246
1981-04-01,-10.136,-7.2,NA,-2.3456,1,24,53,196,0,27,46,246
1981-05-01,-9.7919,-7.5,13.1219,-0.1657,1,24,53,196,0,27,46,246
1981-06-01,-9.697,-7.5,NA,-1.0408,1,24,53,196,0,27,46,246
1981-07-01,-10.7748,-7.2,NA,-0.221,1,24,53,196,0,27,46,246
1981-08-01,-10.8173,-7.4,14.028,-6.2099,1,24,53,196,0,27,46,246
1981-09-01,-10.9654,-7.6,NA,-5.3832,1,24,53,196,0,27,46,246
1981-10-01,-10.2715,-7.9,NA,4.9148,1,24,53,196,0,27,46,246
1981-11-01,-9.5794,-8.3,9.6877,3.659,1,24,53,196,0,27,46,246
1981-12-01,-8.912,-8.5,NA,-3.0075,1,24,53,196,0,27,46,246
1982-01-01,-8.2569,-8.6,NA,-1.7544,1,24,54,196,0,27,47,246
1982-02-01,-7.6136,-8.9,4.5341,-6.0548,1,24,54,196,0,27,47,246
1982-03-01,-6.8849,-9,NA,-1.0167,1,24,54,196,0,27,47,246
1982-04-01,-6.6218,-9.3,NA,4.0014,1,24,54,196,0,27,47,246
1982-05-01,-6.9119,-9.4,5.1779,-3.9162,1,24,54,196,0,27,47,246
1982-06-01,-7.1823,-9.6,NA,-2.029,1,24,54,196,0,27,47,246
1982-07-01,-6.5574,-9.8,NA,-2.2991,1,24,54,196,0,27,47,246
1982-08-01,-5.9653,-9.8,3.2473,11.5977,1,24,54,196,0,27,47,246
1982-09-01,-4.9409,-10.1,NA,0.7614,1,24,54,196,0,27,47,246
1982-10-01,-5.0321,-10.4,NA,11.0447,1,24,54,196,0,27,47,246
1982-11-01,-4.4776,-10.8,3.7856,3.5971,1,24,54,196,0,27,47,246
1982-12-01,-3.8257,-10.8,NA,1.5231,1,24,54,196,0,27,47,246
1983-01-01,-3.7076,-10.4,NA,3.3134,1,16,55,168,0,34,46,272
1983-02-01,-3.4847,-10.4,6.3076,1.8995,1,16,55,168,0,34,46,272
1983-03-01,-3.5903,-10.3,NA,3.3095,1,16,55,168,0,34,46,272
1983-04-01,-4,-10.2,NA,7.4987,1,16,55,168,0,34,46,271
1983-05-01,-3.4411,-10.1,7.5796,-1.2406,1,16,55,168,0,34,46,271
1983-06-01,-2.4742,-10.1,NA,3.233,1,16,55,168,0,34,46,271
1983-07-01,-2.359,-9.4,NA,-3.0303,1,16,55,168,0,34,46,272
1983-08-01,-2.4565,-9.5,9.6582,1.1319,1,16,55,168,0,34,46,272
1983-09-01,-2.7636,-9.2,NA,1.0158,1,16,55,168,0,34,46,272
1983-10-01,-2.7523,-8.8,NA,-1.5174,1,16,55,168,0,34,46,272
1983-11-01,-3.1633,-8.5,11.3945,1.7426,1,16,55,168,0,34,46,272
1983-12-01,-3.7871,-8.3,NA,-0.8834,1,16,55,168,0,34,46,272
1984-01-01,-4.2901,-8,NA,-0.9216,1,16,55,168,0,34,45,271
1984-02-01,-4.6939,-7.8,12.4271,-3.8859,1,16,55,168,0,34,45,271
1984-03-01,-4.893,-7.8,NA,1.3498000000000001,1,15,55,168,0,34,45,271
1984-04-01,-4.5547,-7.7,NA,0.5466,1,15,55,168,0,34,45,271
1984-05-01,-4.3347,-7.4,12.0319,-5.9356,1,15,55,168,0,35,45,271
1984-06-01,-4.326,-7.2,NA,1.7469,1,15,55,168,0,35,45,271
1984-07-01,-4.3086,-7.5,NA,-1.6451,1,15,55,168,0,35,45,271
1984-08-01,-4.2957,-7.5,10.7006,10.6332,1,15,55,168,0,35,45,271
1984-09-01,-4.2829,-7.3,NA,-0.348,1,15,55,168,0,35,45,271
1984-10-01,-4.2659,-7.4,NA,-0.006,1,15,55,168,0,35,45,271
1984-11-01,-4.1543,-7.2,9.2595,-1.5112,1,15,55,168,0,35,45,271
1984-12-01,-4.0434,-7.3,NA,2.2374,1,15,55,168,0,35,45,271
1985-01-01,-3.526,-7.3,NA,7.4085,1,16,53,183,0,34,47,257
1985-02-01,-3.6062,-7.2,8.2856,0.8629,1,16,53,183,0,34,47,257
1985-03-01,-3.7901,-7.2,NA,-0.287,1,16,53,183,0,34,47,257
1985-04-01,-3.5818,-7.3,NA,-0.4594,1,16,53,183,0,34,47,257
1985-05-01,-3.5749,-7.2,7.1557,5.4051,1,16,53,183,0,34,47,257
1985-06-01,-3.6644,-7.4,NA,1.2134,1,16,53,183,0,34,47,257
1985-07-01,-3.4582,-7.4,NA,-0.4848,1,16,53,183,0,34,47,257
1985-08-01,-3.3525,-7.1,7.5158,-1.1995,1,16,53,183,0,34,47,257
1985-09-01,-3.2474,-7.1,NA,-3.4724,1,16,53,183,0,34,47,257
1985-10-01,-3.235,-7.1,NA,4.2509,1,16,53,183,0,34,47,257
1985-11-01,-3.5138,-7,7.3657,6.5062,1,16,53,183,0,34,47,257
1985-12-01,-3.7915,-7,NA,4.5061,1,16,53,183,0,34,47,257
1986-01-01,-3.9735,-6.7,NA,0.2367,1,16,53,183,0,34,48,257
1986-02-01,-3.1985,-7.2,6.5919,7.1489,1,16,53,183,0,34,48,257
1986-03-01,-2.1536,-7.2,NA,5.2794,1,16,53,183,0,34,48,257
1986-04-01,-1.5888,-7.1,NA,-1.4148,1,16,53,183,0,34,48,257
1986-05-01,-1.6791,-7.2,5.8783,5.0229,1,16,53,183,0,34,48,257
1986-06-01,-1.7674,-7.2,NA,1.411,1,16,53,183,0,34,48,257
1986-07-01,-1.6713,-7,NA,-5.8683,1,16,54,183,0,34,48,257
1986-08-01,-1.5755,-6.9,5.1199,7.1193,1,16,54,183,0,34,48,257
1986-09-01,-1.7576,-7,NA,-8.5439,1,16,54,183,0,34,48,257
1986-10-01,-1.5668,-7,NA,5.4729,1,16,54,183,0,34,48,257
1986-11-01,-1.2844,-6.9,4.8573,2.1477,1,16,54,183,0,34,48,257
1986-12-01,-1.1872,-6.6,NA,-2.8288,1,16,54,183,0,34,48,257
1987-01-01,-1.3649,-6.6,NA,13.1767,1,24,46,179,0,27,55,262
1987-02-01,-1.9143,-6.6,4.869,3.6924,1,24,46,179,0,27,55,262
1987-03-01,-2.8414,-6.6,NA,2.639,1,24,46,179,0,27,55,262
1987-04-01,-3.6799,-6.3,NA,-1.145,1,24,46,179,0,27,55,262
1987-05-01,-3.6697,-6.3,5.8461,0.6034,1,24,46,179,0,27,55,262
1987-06-01,-3.7477,-6.2,NA,4.7914,1,24,46,179,0,27,55,262
1987-07-01,-3.9269,-6.1,NA,4.8224,1,24,46,179,0,27,55,262
1987-08-01,-4.2883,-6,6.0806,3.4959,1,24,46,179,0,27,55,262
1987-09-01,-4.2727,-5.9,NA,-2.4166,1,24,46,179,0,27,55,262
1987-10-01,-4.3557,-6,NA,-21.763,1,24,46,179,0,27,55,262
1987-11-01,-4.529,-5.8,7.5663,-8.5349,1,24,46,179,0,27,55,262
1987-12-01,-4.3321,-5.7,NA,7.2861,1,24,46,179,0,27,55,262
1988-01-01,-4.1293,-5.7,NA,4.0432,1,24,46,179,0,28,54,262
1988-02-01,-3.9356,-5.7,7.4828,4.1817,1,24,46,179,0,28,54,262
1988-03-01,-3.8324,-5.7,NA,-3.3343,1,25,46,179,0,28,54,262
1988-04-01,-3.9929,-5.4,NA,0.9425,1,24,46,179,0,28,54,262
1988-05-01,-3.9823,-5.6,8.01,0.3176,1,24,46,179,0,28,54,262
1988-06-01,-3.9648,-5.4,NA,4.3256,1,24,46,179,0,28,54,262
1988-07-01,-4.1301,-5.4,NA,-0.5411,1,24,46,178,0,28,54,262
1988-08-01,-4.112,-5.6,8.142,-3.86,1,24,46,178,0,28,54,262
1988-09-01,-4.1848,-5.4,NA,3.9729,1,24,46,178,0,28,54,262
1988-10-01,-4.2609,-5.4,NA,2.5964,1,24,46,178,0,28,54,262
1988-11-01,-4.2461,-5.3,7.7648,-1.8891,1,24,46,179,0,28,54,262
1988-12-01,-4.4118,-5.3,NA,1.4688,1,24,46,179,0,28,54,262
1989-01-01,-4.4828,-5.4,NA,7.1115,1,23,46,178,0,29,55,264
1989-02-01,-4.6472,-5.2,8.5805,-2.8944,1,23,46,178,0,29,55,264
1989-03-01,-4.8927,-5,NA,2.0806,1,23,46,178,0,29,55,264
1989-04-01,-5.0341,-5.2,NA,5.009,1,23,46,178,0,29,55,264
1989-05-01,-5.2766,-5.2,8.0784,3.5137,1,23,46,178,0,29,55,264
1989-06-01,-5.1695,-5.3,NA,-0.7925,1,23,46,178,0,29,55,262
1989-07-01,-5.0633,-5.2,NA,8.837,1,23,46,178,0,29,55,261
1989-08-01,-4.6218,-5.2,7.7762,1.5517,1,23,46,178,0,29,55,261
1989-09-01,-4.4351,-5.3,NA,-0.6544,1,23,46,178,0,29,55,261
1989-10-01,-4.5872,-5.3,NA,-2.5175,1,23,46,178,0,29,55,261
1989-11-01,-4.655,-5.4,6.4792,1.6541,1,23,46,178,0,29,55,261
1989-12-01,-4.6396,-5.4,NA,2.1417,1,23,46,178,0,29,55,261
1990-01-01,-5.198,-5.4,NA,-6.8817,1,22,46,176,0,30,55,258
1990-02-01,-5.2632,-5.3,6.5745,0.8539,1,22,46,176,0,30,55,258
1990-03-01,-5.2373,-5.2,NA,2.4255,1,22,46,176,0,30,55,258
1990-04-01,-4.7116,-5.4,NA,-2.6887,1,22,46,176,0,30,55,258
1990-05-01,-4.3654,-5.4,6.1527,9.1989,1,22,46,176,0,30,55,257
1990-06-01,-4.6737,-5.2,NA,-0.8886,1,22,46,176,0,30,56,257
1990-07-01,-4.8193,-5.5,NA,-0.5223,1,22,46,176,0,30,56,257
1990-08-01,-5.7028,-5.7,5.5659,-9.4314,1,22,46,176,0,30,56,257
1990-09-01,-6.1699,-5.9,NA,-5.1184,1,22,46,176,0,30,56,257
1990-10-01,-6.3796,-5.9,NA,-0.6698,1,22,46,176,0,30,56,258
1990-11-01,-6.1954,-6.2,4.5095,5.9934,1,22,46,176,0,30,56,259
1990-12-01,-6.2549,-6.3,NA,2.4828,1,22,46,176,0,30,56,259
1991-01-01,-5.6471,-6.4,NA,4.1518,1,20,45,168,0,29,57,269
1991-02-01,-5.3125,-6.6,2.7857,6.7281,1,20,45,168,0,29,57,269
1991-03-01,-4.8212,-6.8,NA,2.2203,1,21,45,166,0,28,57,269
1991-04-01,-4.8099,-6.7,NA,0.032,1,21,45,166,0,28,57,269
1991-05-01,-5.0349,-6.9,2.8269,3.8605,1,21,45,166,0,28,57,268
1991-06-01,-4.6959,-6.9,NA,-4.7893,1,21,45,166,0,28,57,268
1991-07-01,-4.3678,-6.8,NA,4.4859,1,21,45,166,0,28,57,268
1991-08-01,-3.7994,-6.9,3.1329,1.9649,1,21,45,166,0,29,57,268
1991-09-01,-3.3962,-6.9,NA,-1.9144,1,21,45,166,0,29,57,268
1991-10-01,-2.8486,-7,NA,1.1834,1,21,45,166,0,29,57,268
1991-11-01,-3.0666,-7,4.2502,-4.3904,1,21,45,167,0,29,57,269
1991-12-01,-2.9806,-7.3,NA,11.1588,1,21,45,167,0,29,57,269
1992-01-01,-2.6726,-7.3,NA,-1.9924,1,20,43,166,0,27,58,268
1992-02-01,-2.819,-7.4,5.3824,0.959,1,20,43,166,0,27,58,268
1992-03-01,-3.1899,-7.4,NA,-2.1832,1,20,43,166,0,28,58,268
1992-04-01,-3.1828,-7.4,NA,2.7893,1,20,43,166,0,28,58,268
1992-05-01,-3.0236,-7.6,5.6758,0.0964,1,20,43,166,0,28,58,268
1992-06-01,-3.0147,-7.8,NA,-1.7359,1,20,43,166,0,28,58,268
1992-07-01,-3.1571,-7.7,NA,3.9374,1,20,43,166,0,28,58,268
1992-08-01,-3.0747,-7.6,5.9195,-2.3998,1,20,43,166,0,28,58,268
1992-09-01,-2.9927,-7.6,NA,0.9106,1,20,43,166,0,28,58,268
1992-10-01,-3.2799,-7.3,NA,0.2106,1,20,43,166,0,28,59,268
1992-11-01,-3.1205,-7.4,6.6616,3.0262,1,20,43,166,0,28,60,270
1992-12-01,-2.9667,-7.4,NA,1.0108,1,20,43,166,0,28,60,270
1993-01-01,-3.2538,-7.3,NA,0.7046,0,18,46,175,1,30,57,255
1993-02-01,-3.2468,-7.1,5.7579,1.0484,0,18,46,175,1,30,57,255
1993-03-01,-3.0194,-7,NA,1.8697,0,18,46,175,1,30,57,255
1993-04-01,-3.1564,-7.1,NA,-2.5417,0,18,46,175,1,30,57,256
1993-05-01,-3.2212,-7.1,5.1954,2.2717,0,17,46,177,1,31,57,257
1993-06-01,-2.9979,-7,NA,0.0755,0,17,46,178,1,31,57,258
1993-07-01,-2.847,-6.9,NA,-0.5327,0,17,46,178,1,31,57,258
1993-08-01,-2.8409,-6.8,4.8235,3.4432,0,17,46,178,1,31,57,258
1993-09-01,-2.764,-6.7,NA,-0.9988,0,17,46,178,1,31,57,258
1993-10-01,-2.7523,-6.8,NA,1.9393,0,17,46,178,1,31,57,258
1993-11-01,-2.7445,-6.6,5.0048,-1.2911,0,17,46,178,1,31,57,258
1993-12-01,-2.811,-6.5,NA,1.0091,0,17,46,178,1,31,57,258
1994-01-01,-2.451,-6.6,NA,3.2501,0,19,48,178,1,28,54,257
1994-02-01,-2.5157,-6.6,5.7512,-3.0045,0,19,48,178,1,28,54,257
1994-03-01,-2.6518,-6.5,NA,-4.5747,0,19,48,178,1,28,54,257
1994-04-01,-2.3644,-6.4,NA,1.1531,0,19,48,178,1,28,54,256
1994-05-01,-2.2885,-6.1,6.4455,1.2397,0,19,48,178,1,28,54,256
1994-06-01,-2.4948,-6.1,NA,-2.6791,0,19,48,178,1,28,54,256
1994-07-01,-2.699,-6.1,NA,3.149,0,19,48,178,1,28,54,256
1994-08-01,-2.9006,-6,6.4902,3.7599,0,19,48,178,1,28,54,256
1994-09-01,-2.9655,-5.9,NA,-2.6878,0,19,48,178,1,28,54,256
1994-10-01,-2.6099,-5.8,NA,2.0834,0,19,48,178,1,28,54,256
1994-11-01,-2.6027,-5.6,6.3118,-3.9505,0,19,48,178,1,28,54,256
1994-12-01,-2.5974,-5.5,NA,1.2299,0,19,48,178,1,28,54,256
1995-01-01,-2.8708,-5.6,NA,2.4278,0,30,54,235,1,20,46,199
1995-02-01,-2.863,-5.4,5.7313,3.6074,0,30,54,235,1,20,46,199
1995-03-01,-2.7872,-5.4,NA,2.7329,0,30,54,235,1,20,46,199
1995-04-01,-3.125,-5.8,NA,2.796,0,30,54,235,1,20,46,199
1995-05-01,-3.1186,-5.6,4.6095,3.6312,0,30,54,235,1,20,46,199
1995-06-01,-3.0426,-5.6,NA,2.1279,0,30,54,235,1,20,46,199
1995-07-01,-2.8302,-5.7,NA,3.1776,0,30,54,235,1,20,46,199
1995-08-01,-2.6174,-5.7,4.8175,-0.032,0,30,54,235,1,20,46,199
1995-09-01,-2.5452,-5.6,NA,4.0097,0,30,54,235,1,20,46,199
1995-10-01,-2.7443,-5.5,NA,-0.4979,0,30,54,235,1,20,46,199
1995-11-01,-2.6035,-5.6,4.3174,4.1049,0,30,54,235,1,20,46,199
1995-12-01,-2.5316,-5.6,NA,1.7444,0,30,54,235,1,20,46,199
1996-01-01,-2.7907,-5.6,NA,3.2617,0,31,54,236,1,19,47,196
1996-02-01,-2.717,-5.5,4.6095,0.6934,0,31,54,236,1,19,47,196
1996-03-01,-2.8439,-5.5,NA,0.7917,0,31,54,236,1,19,47,195
1996-04-01,-2.8327,-5.6,NA,1.3431,0,31,54,236,1,19,47,196
1996-05-01,-2.8271,-5.6,6.004,2.2853,0,31,54,236,1,19,47,197
1996-06-01,-2.8215,-5.3,NA,0.2257,0,31,54,236,1,19,47,198
1996-07-01,-2.8834,-5.5,NA,-4.5748,0,32,54,235,1,19,47,198
1996-08-01,-2.8123,-5.1,5.8717,1.8814,0,32,54,235,1,19,47,198
1996-09-01,-3.0046,-5.2,NA,5.4203,0,32,54,235,1,19,47,198
1996-10-01,-3.0619,-5.2,NA,2.6101,0,32,54,235,1,19,47,198
1996-11-01,-3.2531,-5.4,6.2517,7.3376,0,32,55,235,1,19,47,198
1996-12-01,-3.3788,-5.4,NA,-2.1505,0,32,55,235,1,19,47,198
1997-01-01,-3.0381,-5.3,NA,6.1317,0,32,55,227,1,18,45,207
1997-02-01,-3.0323,-5.2,6.4487,0.5928,0,32,55,227,1,18,45,207
1997-03-01,-2.7653,-5.2,NA,-4.2614,0,32,55,227,1,18,45,207
1997-04-01,-2.4343,-5.1,NA,5.8406,0,32,55,227,1,18,45,207
1997-05-01,-2.2379,-4.9,6.0832,5.8577,0,32,55,228,1,18,45,207
1997-06-01,-2.2336,-5,NA,4.3453,0,32,55,228,1,18,45,207
1997-07-01,-2.1656,-4.9,NA,7.8146,0,32,55,228,1,18,45,207
1997-08-01,-2.2901,-4.8,6.5302,-5.7466,0,33,55,228,1,18,45,207
1997-09-01,-2.2194,-4.9,NA,5.3154,0,34,55,228,1,18,45,207
1997-10-01,-2.086,-4.7,NA,-3.4478,0,34,55,228,1,18,45,207
1997-11-01,-1.8904,-4.6,6.048,4.4587,0,34,55,229,1,18,45,207
1997-12-01,-1.697,-4.7,NA,1.5732,0,34,55,229,1,18,45,207
1998-01-01,-1.6311,-4.6,NA,1.015,0,32,55,227,1,18,45,203
1998-02-01,-1.4402,-4.6,5.8033,7.0449,0,32,55,227,1,18,45,203
1998-03-01,-1.3767,-4.7,NA,4.9946,0,32,55,227,1,18,45,204
1998-04-01,-1.4384,-4.3,NA,0.9076,0,32,55,227,1,18,45,205
1998-05-01,-1.6886,-4.4,5.1778,-1.8826,0,32,55,227,1,18,45,205
1998-06-01,-1.623,-4.5,NA,3.9438,0,32,55,227,1,18,45,206
1998-07-01,-1.7456,-4.5,NA,-1.1615,0,32,55,228,1,18,45,206
1998-08-01,-1.6169,-4.5,5.2314,-14.5797,0,32,55,228,1,18,45,206
1998-09-01,-1.4268,-4.6,NA,6.2396,0,32,55,228,1,18,45,206
1998-10-01,-1.4861,-4.5,NA,8.0294,0,32,55,228,1,18,45,206
1998-11-01,-1.4842,-4.4,6.115,5.9126,0,32,55,228,1,18,45,206
1998-12-01,-1.6069,-4.4,NA,5.6375,0,32,55,228,1,18,45,206
1999-01-01,-1.6667,-4.3,NA,4.1009,0,31,55,223,1,17,45,210
1999-02-01,-1.6667,-4.4,6.2702,-3.2283,0,31,55,223,1,17,45,210
1999-03-01,-1.7284,-4.2,NA,3.8794,0,31,55,222,1,17,45,210
1999-04-01,-2.2811,-4.3,NA,3.7944,0,31,55,222,1,17,45,210
1999-05-01,-2.091,-4.2,6.2515,-2.497,0,31,55,222,1,17,45,210
1999-06-01,-1.9656,-4.3,NA,5.4438,0,31,55,223,1,17,45,210
1999-07-01,-2.1446,-4.3,NA,-3.2046,0,31,55,223,1,17,45,210
1999-08-01,-2.2644,-4.2,6.186,-0.6254,0,31,55,223,1,17,45,210
1999-09-01,-2.63,-4.2,NA,-2.8552,0,31,55,223,1,17,45,210
1999-10-01,-2.5625,-4.1,NA,6.254,0,31,55,223,1,17,45,210
1999-11-01,-2.6204,-4.1,6.4381,1.9062,0,31,56,223,1,17,45,211
1999-12-01,-2.6764,-4,NA,5.7844,0,31,56,223,1,17,45,211
2000-01-01,-2.793,-4,NA,-5.0904,0,30,55,223,1,18,45,210
2000-02-01,-3.218,-4.1,6.1807,-2.0108,0,30,55,223,1,18,45,210
2000-03-01,-3.7621000000000002,-4,NA,9.672,0,30,55,223,1,18,45,210
2000-04-01,-3.0139,-3.8,NA,-3.0796,0,30,55,223,1,18,45,210
2000-05-01,-3.1325,-4,7.5473,-2.1915,0,30,55,223,1,18,45,210
2000-06-01,-3.7349,-4,NA,2.3934,0,30,55,223,1,18,45,210
2000-07-01,-3.5993,-4,NA,-1.6341,0,30,55,223,1,18,45,210
2000-08-01,-3.3513,-4.1,6.6421,6.0699,0,30,55,223,1,18,46,210
2000-09-01,-3.4565,-3.9,NA,-5.3483,0,30,55,223,1,18,46,210
2000-10-01,-3.4503,-3.9,NA,-0.4949,0,30,55,223,1,18,46,210
2000-11-01,-3.4442,-3.9,5.5027,-8.0069,0,30,55,223,1,19,46,210
2000-12-01,-3.436,-3.9,NA,0.4053,0,30,55,223,1,19,46,210
2001-01-01,-3.7212,-4.2,NA,3.4637,1,29,49,220,0,19,50,211
2001-02-01,-3.5294,-4.2,4.7563,-9.2291,1,29,49,220,0,19,50,211
2001-03-01,-2.9825,-4.3,NA,-6.4205,1,29,49,220,0,19,50,211
2001-04-01,-3.2183,-4.4,NA,7.6814,1,29,49,220,0,19,50,210
2001-05-01,-3.5631,-4.3,3.5035,0.509,1,29,49,220,0,19,50,210
2001-06-01,-3.194,-4.5,NA,-2.5035,1,29,49,221,0,19,50,210
2001-07-01,-2.7215,-4.6,NA,-1.074,1,29,49,222,0,19,50,210
2001-08-01,-2.7215,-4.9,2.7237,-6.4108,1,29,49,222,0,19,50,210
2001-09-01,-2.5922,-5,NA,-8.1723,1,29,49,222,0,19,50,210
2001-10-01,-2.1277,-5.3,NA,1.8099,1,30,49,222,0,19,50,210
2001-11-01,-1.8944,-5.5,2.1867,7.5176,1,30,49,223,0,19,50,211
2001-12-01,-1.6037,-5.7,NA,0.7574,1,30,49,223,0,19,50,211
2002-01-01,-1.1959,-5.7,NA,-1.5574,1,27,50,221,0,21,50,211
2002-02-01,-1.1364,-5.7,3.1052,-2.0766,1,27,50,221,0,21,50,211
2002-03-01,-1.3629,-5.7,NA,3.6739,1,27,50,222,0,21,50,211
2002-04-01,-1.644,-5.9,NA,-6.1418,1,27,50,222,0,21,50,211
2002-05-01,-1.2408,-5.8,2.7861,-0.9081,1,27,50,222,0,21,50,211
2002-06-01,-1.0692,-5.8,NA,-7.2455,1,27,50,222,0,21,50,211
2002-07-01,-1.4656,-5.8,NA,-7.9004,1,27,50,222,0,21,50,211
2002-08-01,-1.7475,-5.7,3.737,0.4881,1,27,50,222,0,21,50,211
2002-09-01,-1.516,-5.7,NA,-11.0024,1,27,50,222,0,21,50,211
2002-10-01,-2.027,-5.7,NA,8.6449,1,27,50,222,0,21,50,211
2002-11-01,-2.2535,-5.9,3.7612,5.707,1,27,50,222,0,21,50,211
2002-12-01,-2.4803,-6,NA,-6.0333,1,27,50,222,0,21,50,211
2003-01-01,-2.7575,-5.8,NA,-2.7415,1,26,51,231,0,24,48,203
2003-02-01,-3.1461,-5.9,3.6523,-1.7004,1,26,51,231,0,24,48,203
2003-03-01,-3.0252,-5.9,NA,0.8358,1,26,51,231,0,24,48,203
2003-04-01,-2.1751,-6,NA,8.1044,1,26,51,231,0,24,48,203
2003-05-01,-1.8942,-6.1,3.9864,5.0899,1,26,51,231,0,24,48,203
2003-06-01,-1.9488,-6.3,NA,1.1322,1,26,51,231,0,24,48,203
2003-07-01,-2.0556,-6.2,NA,1.6224,1,26,51,231,0,24,48,203
2003-08-01,-2.2161,-6.1,5.3275,1.7873000000000001,1,26,51,231,0,24,48,203
2003-09-01,-2.3783,-6.1,NA,-1.1944,1,26,51,231,0,25,48,203
2003-10-01,-2.0419,-6,NA,5.4961,1,26,51,231,0,25,48,203
2003-11-01,-1.9284,-5.8,6.4212,0.7129,1,27,51,231,0,25,48,203
2003-12-01,-2.0352,-5.7,NA,5.0766,1,27,51,231,0,25,48,203
2004-01-01,-2.0263,-5.7,NA,1.7276,1,28,51,229,0,22,48,203
2004-02-01,-1.6885,-5.6,6.7524,1.2209,1,28,51,229,0,22,48,203
2004-03-01,-1.7401,-5.8,NA,-1.6359,1,28,51,229,0,22,48,204
2004-04-01,-2.2926,-5.6,NA,-1.6791,1,28,51,229,0,22,48,204
2004-05-01,-2.8978,-5.6,7.1297,1.2083,1,28,51,229,0,22,48,204
2004-06-01,-3.1677,-5.6,NA,1.7989,1,28,51,229,0,22,48,204
2004-07-01,-2.9396,-5.5,NA,-3.4291,1,29,51,229,0,22,48,204
2004-08-01,-2.5474,-5.4,6.3879,0.2287,1,29,51,229,0,22,48,205
2004-09-01,-2.5392,-5.4,NA,0.9364,1,29,51,229,0,22,48,205
2004-10-01,-3.1909,-5.5,NA,1.4014,1,29,51,229,0,22,48,205
2004-11-01,-3.6216,-5.4,6.308,3.8595,1,29,51,229,0,23,48,205
2004-12-01,-3.3423,-5.4,NA,3.2458,1,29,51,229,0,23,48,205
2005-01-01,-2.8449,-5.3,NA,-2.529,1,28,54,232,0,22,45,201
2005-02-01,-3.053,-5.4,6.8842,1.8903,1,28,54,232,0,22,45,201
2005-03-01,-3.2068,-5.2,NA,-1.9118,1,28,54,232,0,22,45,202
2005-04-01,-3.3618,-5.2,NA,-2.0109,1,28,54,232,0,22,45,202
2005-05-01,-2.8693,-5.1,6.5075,2.9952,1,28,54,231,0,22,45,202
2005-06-01,-2.541,-5,NA,-0.0143,1,28,54,231,0,22,45,202
2005-07-01,-3.0672,-5,NA,3.5968,1,28,54,231,0,22,45,202
2005-08-01,-3.6469,-4.9,6.7733,-1.1222,1,28,54,231,0,22,45,202
2005-09-01,-4.7418,-5,NA,0.6949,1,28,54,232,0,22,45,202
2005-10-01,-4.3501,-5,NA,-1.7741,1,28,54,232,0,22,45,202
2005-11-01,-3.3385,-5,6.5227,3.5186,1,28,54,232,0,22,45,202
2005-12-01,-3.3385,-4.9,NA,-0.0952,1,28,54,232,0,22,45,202
2006-01-01,-4.0188,-4.7,NA,2.5467,1,28,54,231,0,22,45,201
2006-02-01,-3.6383,-4.8,6.518,0.0453,1,28,54,231,0,22,45,201
2006-03-01,-3.4179,-4.7,NA,1.1096,1,28,54,231,0,22,45,201
2006-04-01,-3.6138,-4.7,NA,1.2156,1,28,54,231,0,22,45,201
2006-05-01,-3.9773,-4.6,6.3642,-3.0917,1,28,54,231,0,22,45,201
2006-06-01,-4.1817,-4.6,NA,0.0087,1,28,54,231,0,22,45,201
2006-07-01,-4.1047,-4.7,NA,0.5086,1,28,54,231,0,22,45,201
2006-08-01,-3.9266,-4.7,5.3243,2.1274,1,28,54,231,0,22,45,201
2006-09-01,-2.0121000000000002,-4.5,NA,2.4566,1,28,54,231,0,22,45,201
2006-10-01,-1.4063,-4.4,NA,3.1508,1,28,54,231,0,22,45,201
2006-11-01,-1.9687,-4.5,5.1175,1.6467,1,28,54,232,0,22,45,202
2006-12-01,-2.524,-4.4,NA,1.2616,1,28,54,232,0,22,45,202
2007-01-01,-2.0758,-4.6,NA,1.4059,1,22,48,201,0,28,50,233
2007-02-01,-2.4203,-4.5,4.2809,-2.1846,1,22,48,201,0,28,50,233
2007-03-01,-2.7982,-4.4,NA,0.998,1,22,48,201,0,28,50,233
2007-04-01,-2.5929,-4.5,NA,4.3291,1,22,48,201,0,28,50,233
2007-05-01,-2.7099,-4.4,4.5109,3.2549,1,22,48,201,0,28,50,232
2007-06-01,-2.6928,-4.6,NA,-1.7816,1,22,47,201,0,28,50,232
2007-07-01,-2.3179,-4.7,NA,-3.1982,1,22,48,201,0,28,50,232
2007-08-01,-1.8974,-4.6,4.7539,1.2864,1,22,48,202,0,28,50,232
2007-09-01,-2.8338,-4.7,NA,3.5794,1,22,48,202,0,28,50,233
2007-10-01,-3.6107,-4.7,NA,1.4822,1,22,48,202,0,28,50,233
2007-11-01,-4.3733,-4.7,4.3998,-4.4043,1,22,48,202,0,28,50,234
2007-12-01,-4.1088,-5,NA,-0.8629,1,22,48,202,0,28,50,234
2008-01-01,-4.2947,-5,NA,-6.1163,1,22,48,198,0,28,50,231
2008-02-01,-4.143,-4.9,3.0576,-3.4761,1,22,48,198,0,28,50,231
2008-03-01,-3.9749,-5.1,NA,-0.596,1,22,48,198,0,28,50,233
2008-04-01,-3.9038,-5,NA,4.7547,1,22,48,198,0,28,50,234
2008-05-01,-4.0884,-5.4,2.709,1.0674,1,22,48,199,0,28,50,235
2008-06-01,-4.936,-5.6,NA,-8.5962,1,22,48,199,0,28,50,235
2008-07-01,-5.4975,-5.8,NA,-0.9859,1,22,48,199,0,28,50,236
2008-08-01,-5.308,-6.1,1.8758,1.219,1,22,48,199,0,28,50,236
2008-09-01,-4.9533,-6.1,NA,-9.0791,1,22,48,199,0,28,50,236
2008-10-01,-3.7311,-6.5,NA,-16.9425,1,22,48,199,0,28,50,236
2008-11-01,-1.0999,-6.8,-0.922,-7.4849,1,22,48,199,0,28,50,236
2008-12-01,0.0222,-7.3,NA,0.7822,1,22,48,199,0,28,50,236
2009-01-01,0.1136,-7.8,NA,-8.5657,0,22,40,179,1,28,57,254
2009-02-01,-0.0085,-8.3,-1.9395,-10.9931,0,22,40,179,1,28,57,254
2009-03-01,0.4465,-8.7,NA,8.5404,0,22,40,179,1,28,57,253
2009-04-01,0.5763,-9,NA,9.3925,0,22,40,179,1,28,57,254
2009-05-01,1.0158,-9.4,-3.1904,5.3081,0,22,40,179,1,28,57,255
2009-06-01,1.2292,-9.5,NA,0.0196,0,22,40,179,1,28,57,255
2009-07-01,1.9588,-9.5,NA,7.4142,0,22,40,179,1,28,58,254
2009-08-01,1.4838,-9.6,-3.0917,3.356,0,24,40,179,1,28,58,255
2009-09-01,1.3779,-9.8,NA,3.5723,0,24,41,179,1,28,58,255
2009-10-01,0.224,-10,NA,-1.9762,0,24,41,179,1,28,59,255
2009-11-01,-1.9146,-9.9,0.1141,5.7364,0,24,41,179,1,28,59,257
2009-12-01,-2.8141,-9.9,NA,1.7771,0,24,41,179,1,28,59,257
2010-01-01,-2.6211,-9.8,NA,-3.6974,0,24,41,178,1,26,57,255
2010-02-01,-2.1513,-9.8,2.0662,2.8514,0,24,41,178,1,26,57,255
2010-03-01,-2.2862,-9.9,NA,5.8796,0,24,41,178,1,26,57,253
2010-04-01,-2.2068,-9.9,NA,1.4759,0,24,41,177,1,26,57,254
2010-05-01,-2.0035,-9.6,3.8228,-8.1976,0,24,41,177,1,26,57,254
2010-06-01,-1.1216,-9.4,NA,-5.3882,0,24,41,178,1,26,57,255
2010-07-01,-1.3408,-9.4,NA,6.8778,0,24,41,178,1,26,56,255
2010-08-01,-1.1502,-9.5,4.6829,-4.7449,0,24,41,178,1,26,57,255
2010-09-01,-1.1183,-9.5,NA,8.7551,0,24,41,178,1,26,57,255
2010-10-01,-1.1667,-9.4,NA,3.6856,0,24,41,178,1,26,57,255
2010-11-01,-1.0845,-9.8,4.5564,-0.229,0,24,41,178,1,27,59,255
2010-12-01,-1.4378,-9.3,NA,6.53,0,24,41,178,1,27,59,255
2011-01-01,-1.6829,-9.2,NA,2.2646,0,29,47,241,1,21,51,193
2011-02-01,-2.1277,-9,3.796,3.1957,0,29,47,241,1,21,51,193
2011-03-01,-2.6183,-9,NA,-0.1047,0,29,47,241,1,21,51,192
2011-04-01,-3.0621,-9.1,NA,2.8495,0,29,47,241,1,21,51,192
2011-05-01,-3.488,-9,3.8439,-1.3501,0,29,47,240,1,21,51,192
2011-06-01,-3.5184,-9.1,NA,-1.8257,0,29,47,240,1,21,51,193
2011-07-01,-3.5909,-9,NA,-2.1474,0,29,47,240,1,21,51,192
2011-08-01,-3.744,-9,3.5158,-5.6791,0,29,47,240,1,21,51,193
2011-09-01,-3.8488,-9,NA,-7.1762,0,29,47,242,1,21,51,193
2011-10-01,-3.5501,-8.8,NA,10.7723,0,29,47,242,1,21,51,193
2011-11-01,-3.446,-8.6,3.6447,-0.5059,0,29,47,242,1,21,51,193
2011-12-01,-3.0267,-8.5,NA,0.8533,0,29,47,242,1,21,51,193
2012-01-01,-2.9894,-8.3,NA,4.3583,0,29,47,242,1,21,51,192
2012-02-01,-2.8756,-8.3,4.7124,4.0589,0,29,47,242,1,21,51,192
2012-03-01,-2.6102,-8.2,NA,3.1332,0,29,47,242,1,21,51,191
2012-04-01,-2.2815,-8.2,NA,-0.7497,0,29,47,242,1,21,51,190
2012-05-01,-1.7415,-8.2,4.0994,-6.2651,0,29,47,242,1,21,51,190
2012-06-01,-1.6834,-8.2,NA,3.9555,0,29,47,242,1,21,51,191
2012-07-01,-1.4041,-8.2,NA,1.2598,0,29,47,242,1,21,51,191
2012-08-01,-1.6936,-8,4.3741,1.9763,0,29,47,242,1,21,51,191
2012-09-01,-1.9534,-7.8,NA,2.4236,0,29,47,242,1,21,51,191
2012-10-01,-2.1736,-7.8,NA,-1.9789,0,29,47,242,1,21,51,191
2012-11-01,-1.7807,-7.7,3.4665,0.2847,0,29,47,243,1,21,51,194
2012-12-01,-1.7698,-7.9,NA,0.7068,0,29,47,243,1,21,51,194
2013-01-01,-1.6179,-8,NA,5.0428,0,30,45,232,1,20,53,200
2013-02-01,-1.9791,-7.7,3.4212,1.1061,0,30,45,232,1,20,53,200
2013-03-01,-1.4764,-7.5,NA,3.5988,0,30,45,232,1,20,53,200
2013-04-01,-1.0909,-7.6,NA,1.8086,0,30,45,232,1,20,53,201
2013-05-01,-1.4009,-7.5,3.2588,2.0763,0,30,45,233,1,20,53,201
2013-06-01,-1.7308,-7.5,NA,-1.4999,0,30,46,234,1,20,52,201
2013-07-01,-1.9231,-7.3,NA,4.9462,0,30,46,234,1,20,52,201
2013-08-01,-1.5232,-7.2,3.7089,-3.1298,0,30,46,234,1,20,53,201
2013-09-01,-1.1549,-7.2,NA,2.975,0,30,46,234,1,20,53,201
2013-10-01,-0.9329,-7.2,NA,4.4596,0,30,46,234,1,20,53,201
2013-11-01,-1.2266,-7,4.5664,2.8049,0,30,46,234,1,20,54,201
2013-12-01,-1.5279,-6.7,NA,2.3563,0,30,46,234,1,20,54,201
2014-01-01,-1.5917,-6.6,NA,-3.5583,0,29,45,232,1,21,53,200
2014-02-01,-1.0966,-6.7,3.282,4.3117,0,29,45,232,1,21,53,200
2014-03-01,-1.5264,-6.6,NA,0.6932,0,29,45,233,1,21,53,199
2014-04-01,-1.9718,-6.2,NA,0.6201,0,29,45,233,1,21,53,199
2014-05-01,-2.138,-6.3,4.2661,2.103,0,29,45,233,1,21,53,199
2014-06-01,-2.0487,-6.1,NA,1.9058,0,29,45,233,1,21,53,199
2014-07-01,-1.9813,-6.2,NA,-1.508,0,29,45,234,1,21,53,199
2014-08-01,-1.712,-6.1,4.3118,3.7655,0,29,45,234,1,21,53,199
2014-09-01,-1.6482,-5.9,NA,-1.5514,0,29,45,234,1,21,53,199
2014-10-01,-1.646,-5.7,NA,2.3201,0,29,45,234,1,21,53,199
2014-11-01,-1.2942,-5.8,3.662,2.4534,0,29,45,235,1,21,53,201
2014-12-01,-0.6762,-5.6,NA,-0.4189,0,29,45,235,1,21,53,201
2015-01-01,0.1918,-5.7,NA,-3.1041,0,31,54,245,1,18,44,188
2015-02-01,0.0722,-5.5,3.8096,5.4893,0,31,54,245,1,18,44,188
2015-03-01,0.0212,-5.5,NA,-1.7396,0,31,54,245,1,18,44,188
2015-04-01,0.1092,-5.4,NA,0.8521,0,31,54,244,1,18,44,188
2015-05-01,-0.0342,-5.5,NA,1.0491,0,31,54,245,1,18,44,188
2015-06-01,-0.1845,-5.3,NA,-2.1012,0,31,54,246,1,18,44,188
